train_loss,epoch,step
3.000185012817383,0,49
5.17317008972168,0,99
3.615144968032837,0,149
5.390779495239258,0,199
